{
  "response_id": "17e0b8e9-6b81-4bc0-a4b5-fbf6f350f655",
  "chat_id": "fa05cc27-aaa4-435e-920a-feff6eb91980",
  "timestamp": "2025-04-29T12:06:26.572104",
  "status": "completed",
  "response": "Cricket is a bat-and-ball sport played between two teams of eleven players on a field at the center of which is a 22-yard rectangular pitch. The sport originated in England and is now popular worldwide, particularly in countries like India, Australia, Pakistan, England, and the West Indies. \n\nHere's a breakdown of key aspects of the game:\n\n**Basic Gameplay:**\n\nThe core objective is for one team to score more runs than the other. This happens through a series of innings. An *innings* is a team's turn to bat. \n\n* **Batting:**  A batsman attempts to hit the ball bowled by a bowler and score runs by running between two wickets (sets of three stumps with bails balanced on top) or by hitting the ball to the boundary of the field.\n* **Bowling:** The bowler tries to dismiss the batsman by hitting the wickets with the ball, getting the batsman out in various other ways (like catching the ball hit by the batsman before it bounces, or getting the batsman 'leg before wicket' - LBW).\n* **Fielding:** The remaining nine players on the bowling team are fielders who try to prevent runs and dismiss batsmen.\n\n**Different Formats:**\n\nCricket is played in several formats, each with different durations and rules:\n\n* **Test Cricket:** The longest format, lasting up to five days. It's considered the ultimate test of skill and endurance.\n* **One Day International (ODI):** A limited-overs format where each team bats for a fixed number of overs (typically 50).\n* **Twenty20 (T20):** The shortest format, with each team batting for 20 overs. It's fast-paced and action-packed, making it very popular.\n\n**Key Skills:**\n\nCricket requires a diverse range of skills:\n\n* **Batting:** Timing, technique, shot selection, and running between wickets.\n* **Bowling:** Accuracy, pace, swing, spin, and variations.\n* **Fielding:** Catching, throwing, ground fielding, and agility.\n\n**Why it's Popular:**\n\nCricket's appeal lies in its strategic depth, exciting moments, and passionate fanbase. It's a game that combines athleticism, skill, and mental toughness. The variety of formats caters to different preferences, making it accessible to a wide audience.  From the intense battles in Test cricket to the explosive hitting in T20, there's always something to enjoy for cricket fans around the world.",
  "reasoning": "**Reasoning Steps for \"Write Something About Cricket\" (April 29, 2025):**\n\n1. **Analyze the Query:**\n   - The user requested information about cricket with a **specific timestamp (April 29, 2025; 12:04 PM)**.\n   - Key focus areas include **current events**, **upcoming trends**, and **historical relevance** to ground the response in 2025.\n\n2. **Contextualize Current Events:**\n   - **Ongoing IPL (Indian Premier League):** As of April 2025, the IPL is in full swing. Mention key teams (e.g., Mumbai Indians, Gujarat Titans), top performers (e.g., Virat Kohli, Suryakumar Yadav), and recent matches to highlight the tournament’s excitement.\n   - **Global T20 Leagues:** Note other major franchise events like the Pakistan Super League or the upcoming 2025 T20 World Cup in England (if confirmed by that time).\n\n3. **Acknowledge Evolution & Innovations:**\n   - **Technological Advances:** Discuss improvements in umpiring technology (e.g., enhanced Decision Review System, ball-tracking) or wearable devices for player performance analysis.\n   - **Sustainability Efforts:** Mention cricket’s push toward eco-friendly practices, such as solar-powered stadiums or biodegradable cricket balls.\n\n4. **Highlight Key Trends:**\n   - **Globalization:** Reference growing popularity in the U.S. and Australia (e.g., the inaugural Major League Cricket) and partnerships with digital platforms for streaming.\n   - **Player Movements:** Note major signings (e.g., international stars joining leagues abroad) and rising stars in the 2025 talent pool.\n\n5. **Acknowledge Upcoming Milestones:**\n   - If April 2025 approaches the **2026 ICC World Cup (October–November 2026)**, briefly mention squad preparations for teams like India, Australia, or England.\n\n6. **Structure a Concise Response:**\n   - **Opening:** Provide a greeting anchored in the timestamp.\n   - **Body:** Highlight IPL updates, innovations, global expansion, and sustainability efforts.\n   - **Closing:** Connect to future events (e.g., T20 World Cup or World Cup 2026 qualifiers) to reinforce timeliness.\n\n---\n\n### Sample Structured Answer:\n```markdown\n**Cricket in April 2025: A Thriving Sport with Global Momentum**\n\n**Current Events:**  \nAs of **April 29, 2025**, the **Indian Premier League (IPL)** is in full swing, captivating cricket fans worldwide. Midway through the tournament, teams like Mumbai Indians and Gujarat Titans remain title contenders, while star batter Suryakumar Yadav leads the Orange Cap rankings. The global spotlight also turns to the **upcoming 2025 T20 World Cup** in England, with teams refining strategies for this pivotal event.\n\n**Innovations in 2025:**  \nCricket continues to embrace technology upgrades:  \n- Enhanced **Decision Review System (DRS)** with ultra-high-definition cameras for marginal leg-before decisions.  \n- **Eco-friendly practices**, such as biodegradable turf and solar-powered stadiums, reduce the sport’s environmental impact.  \n\n**Global Growth:**  \n- The **Major League Cricket (MLC)** in the U.S. grows its fanbase, attracting international stars like Kane Williamson.  \n- Leagues in Australia and Pakistan draw record viewership, driven by live-streaming partnerships with platforms like Disney+.  \n\n**Future Horizons:**  \nTeams gear up for the **2026 ICC World Cup**, while debates intensify over the proposed **unified World Test Championship** format to invigorate longer formats.\n\nCricket in 2025 remains a dynamic fusion of tradition, technology, and global connectivity. Whether on the subcontinent or in international hubs, the sport’s heartbeat races onward!\n```\n\n---\n\n**Rationale for Including Specifics:**  \n- **Time-anchored relevance** (IPL stage, 2025 T20 World Cup) ensures accuracy for 2025.  \n- **Balances depth and brevity**, avoiding speculative claims beyond plausible trends (e.g., MLC’s expansion is realistic given the sport’s growth push)."
}