{
  "response_id": "29325309-6844-4b27-acec-d6f055fca925",
  "chat_id": "a31b1641-662b-42b3-bbff-fc7db063a707",
  "timestamp": "2025-04-29T14:12:20.164745",
  "status": "completed",
  "response": "क्रिकेट एक लोकप्रिय खेल है जो बल्ले और गेंद से खेला जाता है। यह 11 खिलाड़ियों की दो टीमों के बीच खेला जाता है। क्रिकेट का इतिहास इंग्लैंड में शुरू हुआ था, लेकिन अब यह दुनिया भर में खेला जाता है, खासकर भारत, ऑस्ट्रेलिया, पाकिस्तान, इंग्लैंड, वेस्ट इंडीज, दक्षिण अफ्रीका, न्यूजीलैंड और श्रीलंका में। \n\n**खेल का तरीका:**\n\nएक टीम बल्लेबाजी करती है और दूसरी गेंदबाजी करती है। बल्लेबाजी करने वाली टीम का लक्ष्य रन बनाना होता है, जबकि गेंदबाजी करने वाली टीम का लक्ष्य बल्लेबाजों को आउट करना और रन बनाने से रोकना होता है। एक पारी में, एक टीम के सभी 11 बल्लेबाजों को आउट होने से पहले या सभी ओवर खेलने तक रन बनाने का मौका मिलता है। फिर दूसरी टीम बल्लेबाजी करती है और जीतने के लिए पहले टीम द्वारा बनाए गए रनों से अधिक रन बनाने की कोशिश करती है।\n\n**क्रिकेट के मुख्य पहलू:**\n\n*   **बल्लेबाजी:** बल्लेबाजों का लक्ष्य गेंद को बल्ले से मारकर रन बनाना होता है। वे विभिन्न प्रकार के शॉट्स का उपयोग करते हैं, जैसे कि ड्राइव, कट, पुल, और हुक।\n*   **गेंदबाजी:** गेंदबाजों का लक्ष्य बल्लेबाजों को आउट करना होता है। वे गेंद को विभिन्न तरीकों से फेंकते हैं, जैसे कि तेज गेंद, स्पिन गेंद, और स्विंग गेंद।\n*   **फील्डिंग:** फील्डरों का लक्ष्य गेंद को रोकना और बल्लेबाजों को रन बनाने से रोकना होता है। वे गेंद को पकड़ने, फेंकने और रन आउट करने का प्रयास करते हैं।\n\n**क्रिकेट के विभिन्न प्रारूप:**\n\n*   **टेस्ट क्रिकेट:** यह क्रिकेट का सबसे लंबा प्रारूप है, जो 5 दिनों तक चलता है।\n*   **वनडे (One Day International):** यह 50 ओवर का मैच होता है, जो एक दिन में खेला जाता है।\n*   **टी20 (Twenty20):** यह 20 ओवर का मैच होता है, जो लगभग 3 घंटे में खेला जाता है।\n\n**भारत में क्रिकेट:**\n\nभारत में क्रिकेट एक धर्म की तरह माना जाता है। यहां क्रिकेट के कई प्रशंसक हैं और यह देश का सबसे लोकप्रिय खेल है। भारत ने कई क्रिकेट विश्व कप जीते हैं और यह दुनिया की सबसे मजबूत क्रिकेट टीमों में से एक है।\n\nक्रिकेट एक रोमांचक और मनोरंजक खेल है जो दुनिया भर में लाखों लोगों द्वारा पसंद किया जाता है।",
  "reasoning": "क्रिकेट के मुख्य तत्वों और वैश्विक खेल परिदृश्य में उनके महत्व को समझने के लिए, हमें पहले कुछ प्रमुख पहलुओं को समझने की आवश्यकता है जो इसे अन्य खेलों से अलग बनाते हैं। इसके मूल में, क्रिकेट आमतौर पर ग्यारह खिलाड़ियों की दो टीमों के बीच खेला जाता है, जिसमें स्कोरिंग का उद्देश्य गेंद को बल्ले से मारकर रन बनाकर विरोधी टीम को फील्डिंग रणनीतियों और गेंदबाजी तकनीकों के माध्यम से भी ऐसा करने से रोकने का प्रयास करता है। खेल में अलग-अलग प्रारूप शामिल हैं-टेस्ट क्रिकेट (सबसे लंबा और सबसे पारंपरिक), एक दिवसीय अंतर्राष्ट्रीय (एकदिवस) जो 50 ओवर मैच प्रदान करता है, और ट्वेंटी 20 (टी 20) गेम जो प्रति साइड आठ से दस ओवर तक कहीं भी रह सकते हैं।\n\nअब, आइए वर्ष 2025 में क्रिकेट के व्यापक अस्थायी संदर्भ पर विचार करें। अप्रैल एक महत्वपूर्ण मील का पत्थर है, क्योंकि यह भारत के प्रीमियर घरेलू लीग के साथ संरेखित करता है जिसे इंडियन प्रीमियर लीग (आईपीएल) के रूप में जाना जाता है। आईपीएल सीजन ग्लोबल क्रिकेट कैलेंडर और पॉइंट सिस्टम में महत्वपूर्ण अंतर्दृष्टि प्रदान करता है जो चैंपियंस ट्रॉफी और विश्व टेस्ट चैम्पियनशिप जैसी अंतरराष्ट्रीय प्रतियोगिताओं को नियंत्रित करता है। इसके अलावा, इन कैलेंडर का विश्लेषण करने से यह समझने में मदद मिल सकती है कि राष्ट्रीय टीमें और फ्रेंचाइजी एक -दूसरे के खिलाफ सफलता के लिए खुद को कैसे स्थान देते हैं।\n\nभारत के सांस्कृतिक प्रमुखता के मामले में भारत की प्रतिष्ठा को बनाए रखने की प्रतिष्ठा है, जिसमें दुनिया भर में लाखों लोगों को भारत के राष्ट्रीय नायकों से जुड़े मैचों को देखने और पालन करने के लिए तैयार किया गया है। आईपीएल भारत में स्थित टीमों के लिए विश्व स्तर पर प्रतिस्पर्धा करने के लिए कई अवसर प्रदान करता है, जो खेल की दृश्यता को बढ़ाता है। ऐसे टूर्नामेंटों के आर्थिक प्रभाव को खत्म करना कठिन होगा क्योंकि वे बड़े पैमाने पर दर्शकों और प्रायोजन सौदों को लाते हैं। विशेष रूप से, हाल के नियम परिवर्तनों का उद्देश्य गेम फ्लो दक्षता और खिलाड़ी सुरक्षा में सुधार करना है, जिससे इसकी अपील को और बढ़ाया जाए।\n\nक्रिकेट शुरू होने के बाद से प्रौद्योगिकी भी काफी आगे बढ़ी है। गेंद की गति और सटीकता को ट्रैक करने के लिए नई तकनीकें अधिक सटीक बल्लेबाजी कॉल को सक्षम करती हैं, रणनीति की गहराई बढ़ जाती हैं। खेल पूर्वाग्रह के बिना आधिकारिक प्रतिक्रिया प्रदान करने के लिए तेजी से परिष्कृत अंपायरिंग उपकरणों पर भी निर्भर करता है - खेल अखंडता को बढ़ावा देने के लिए एक आवश्यक तत्व। हाल के वर्षों में, इको-फ्रेंडली स्टेडियम पहलों के माध्यम से खेल को स्पोर्ट्समैन करने पर ध्यान देने योग्य जोर दिया गया है।\n\nक्रिकेट ने आधुनिकीकरण के प्रयासों के लिए अपनी प्रतिबद्धता जारी रखी है, जिसका उद्देश्य खेल को अधिक पर्यावरणीय रूप से संवेदनशील और सभी के लिए सुखद बनाना है। नवाचार ने स्थायी क्षेत्र डिजाइन जैसे क्षेत्रों में दिखाया है; संभावित पर्यावरणीय प्रभावों को कम करते हुए घटना की तैयारी के दौरान उत्पन्न कचरे को कम करने में अभिनव सामग्री महत्वपूर्ण रूप से योगदान करती है। अथक पीछा एक पर्यावरण के अनुकूल खेल के रूप में क्रिकेट की स्थिति को प्राप्त करने की दिशा में एक निरंतर विकास पर प्रकाश डालता है।\n\nठोस डेटा के बिना अटकलों से बचना खेल में महत्वपूर्ण है-याद रखें, 2025 क्रिकेट-विशिष्ट जानकारी या अप-टू-डेट रिपोर्ट पर भरोसा करना आवश्यक है यदि वे स्रोत उपलब्ध डेटा से स्पष्टता की गारंटी नहीं दे सकते हैं। इतिहास, सांस्कृतिक महत्व और तकनीकी प्रगति के अपने जटिल मिश्रण के साथ, क्रिकेट का भविष्य कोर में नवाचार को बनाए रखते हुए चुनौतियों से निपटने के लिए शानदार दिखता है।"
}