{
  "response_id": "4e7074f7-43bc-4c1b-aa26-ebe0ffcdefa1",
  "chat_id": "a4301f05-aacd-4601-b0aa-1b2b7b0c26eb",
  "timestamp": "2025-04-29T12:00:37.440454",
  "status": "error",
  "response": "I encountered a processing error while processing your request. This might be due to high demand or a temporary issue. Please try again in a moment.",
  "reasoning": "18 वीं शताब्दी के इंग्लैंड में वापस डेटिंग के साथ प्रतिष्ठित खेल, क्रिकेट ने एक वैश्विक घटना बनने के लिए वर्षों से महत्वपूर्ण परिवर्तन किए हैं। इसके तीन प्राथमिक प्रारूप - परीक्षण, ODI, और T20 - विविध फैनबेस को पूरा करते हैं और इसकी स्थायी लोकप्रियता में योगदान दिया है।\n\nक्रिकेट पर चर्चा करते समय विचार करने के लिए समय महत्वपूर्ण है। जबकि संदर्भ यह निर्धारित करने में एक भूमिका निभाता है कि क्या 2025 एक रोमांचक अध्याय को चिह्नित करता है या इंडियन प्रीमियर लीग (आईपीएल) के प्रशंसकों के लिए सिर्फ एक और सीजन है, यह ध्यान देने योग्य है कि खेल दुनिया भर में प्रमुख टूर्नामेंटों में एक महत्वपूर्ण खिलाड़ी बन गया है। ** 29 अप्रैल, 2025 ** के रूप में, आईपीएल वास्तव में चल रहा है, अपनी आर्थिक कौशल का प्रदर्शन कर रहा है और विभिन्न क्षेत्रों से प्रतिभाशाली टीमों की मेजबानी कर रहा है।\n\nक्रिकेट के मुख्य पहलुओं के लिए आगे बढ़ना: इसका समृद्ध इतिहास इस खेल को बनाने में इंग्लैंड के प्रभाव से शुरू होता है। वैश्विक लोकप्रियता आज केवल खेली जा रही है से अधिक है; इसने विविध महाद्वीपों में एक बड़ा फैनबेस बनाया है। भारत, ऑस्ट्रेलिया और अन्य देशों ने टेस्ट मैच क्रिकेट में अपनी भागीदारी के माध्यम से इस विकास में सक्रिय रूप से योगदान दिया है (टी 20 मैच अक्सर प्रमुख प्रारूप बन जाते हैं)। ये शासी निकाय और शासी संरचनाएं महत्वपूर्ण कारक हैं - आईसीसी एक नेता के रूप में खड़ा है जो दुनिया भर में क्रिकेट की देखरेख करता है।\n\nसांस्कृतिक महत्व भी पर्याप्त है; क्रिकेट न केवल मनोरंजन का काम करता है, बल्कि स्थानीय समुदायों को एकजुट करने में भी मदद करता है। खेल प्रतिभाशाली खिलाड़ियों को एक साथ आने, अनुभवों को साझा करने और दबावों के तहत महिमा के लिए प्रयास करने के लिए प्लेटफ़ॉर्म प्रदान करता है जिन्होंने उन्हें दुनिया भर में परीक्षण किया है। इसके अलावा, टेस्ट मैच क्रिकेट के विकास जैसे नवाचारों ने पारंपरिक तत्वों को परिष्कृत किया है, जिससे उनके स्थायी प्रभाव का कारण बनता है।\n\nध्यान देने योग्य एक विशेष प्रवृत्ति सामाजिक प्रासंगिकता बढ़ रही है - क्रिकेट गले लगाने वाली प्रौद्योगिकी हाल के वर्षों में आगे और पीछे दोनों में खेलती है। नई तकनीकों जैसे निर्णय समीक्षा प्रणाली (DRS) और डेटा एनालिटिक्स में प्रगति के साथ गेमप्ले को बढ़ाने का निर्णय सगाई के स्तर को ऊपर की ओर बढ़ाते हुए उचित मानकों को बनाए रखने में महत्वपूर्ण योगदान देता है।"
}