{
  "response_id": "58d82d61-90b1-4ef5-92b3-284635a4b93e",
  "chat_id": "28667a20-2100-40c2-90d6-c3629aa32fb8",
  "timestamp": "2025-04-29T12:13:07.709605",
  "status": "completed",
  "response": "## Cricket: A Comprehensive Overview\n\nCricket is a bat-and-ball game played between two teams of eleven players on a field at the centre of which is a 22-yard rectangular pitch. Often described as a gentleman’s game, it’s a sport steeped in tradition, strategy, and athleticism, enjoyed by millions worldwide. Here’s a detailed look at the game:\n\n**1. Basic Gameplay:**\n\nAt its core, cricket involves one team batting, attempting to score runs, while the other team bowls and fields, trying to dismiss the batsmen and limit the scoring. Once ten batsmen are dismissed (or a predetermined number of overs are completed), the teams switch roles. The team that scores the most runs wins.\n\n**2. Key Components & Equipment:**\n\n*   **The Pitch:** The central rectangular area where most of the action happens. It's prepared to be relatively flat and hard.\n*   **The Wickets:**  Three wooden stumps topped with two bails, positioned at each end of the pitch. Dismissing a batsman often involves dislodging the bails.\n*   **The Bat:**  Made of willow wood, flat on one side and slightly curved on the other, used by the batsmen to hit the ball.\n*   **The Ball:**  A hard, leather-covered ball, traditionally red (though white balls are used in limited-overs matches played under lights).\n*   **Protective Gear:** Batsmen and wicket-keepers wear extensive protective gear, including helmets, pads, gloves, and abdominal guards, due to the speed and hardness of the ball.\n\n**3. Roles & Positions:**\n\n*   **Batsman:** Attempts to score runs by hitting the ball and running between the wickets.\n*   **Bowler:** Delivers the ball towards the batsman, aiming to dismiss them. Different bowling styles include fast bowling (pace), spin bowling (using spin and deception), and medium-pace bowling.\n*   **Wicket-keeper:** Stands behind the wickets, catching balls that the batsman misses and attempting to stump the batsman out.\n*   **Fielders:** Positioned around the field to stop the ball and prevent runs, and to catch out batsmen.\n\n**4. Ways to Dismiss a Batsman:**\n\n*   **Bowled:** The bowler hits the wickets with the ball, dislodging the bails.\n*   **Caught:** A fielder catches the ball before it bounces after the batsman hits it.\n*   **Leg Before Wicket (LBW):**  A complex rule where the batsman obstructs the path of the ball with their leg, preventing it from hitting the wickets.\n*   **Run Out:** A fielder hits the wickets with the ball while the batsmen are running between the wickets.\n*   **Stumped:** The wicket-keeper dislodges the bails with the ball while the batsman is out of their crease and not attempting a run.\n\n**5. Formats of the Game:**\n\n*   **Test Cricket:** The longest format, played over five days, with each team having two innings (turns to bat). Known for its strategic depth and endurance.\n*   **One Day International (ODI):** A limited-overs format, typically lasting around 8 hours, with each team batting for 50 overs.\n*   **Twenty20 (T20):** The shortest format, lasting around 3 hours, with each team batting for 20 overs. Known for its fast pace and explosive hitting.\n\n**6. Scoring Runs:**\n\nRuns are scored in several ways:\n\n*   **Running between the wickets:** Batsmen run between the wickets after hitting the ball.\n*   **Boundaries:** Hitting the ball to the boundary rope scores four runs (if the ball bounces before crossing) or six runs (if the ball crosses without bouncing).\n*   **Extras:** Runs awarded to the batting team due to errors by the bowling team (e.g., wides, no-balls).\n\n**7. Global Popularity & Major Cricket Nations:**\n\nCricket is hugely popular in countries like India, Australia, England, Pakistan, West Indies, South Africa, New Zealand, and Sri Lanka. The International Cricket Council (ICC) governs the sport worldwide. Major tournaments include the Cricket World Cup, the T20 World Cup, and the Champions Trophy.\n\n\n\nCricket is more than just a game; it’s a cultural phenomenon that brings people together. Its blend of skill, strategy, and sportsmanship makes it a captivating sport for players and fans alike.",
  "reasoning": "<think>\nOkay, let me start by understanding what the user is asking. They want a piece written about cricket, and they also provided the current time as 2025-04-29 at 12:11:08. First, I need to recall the key aspects of cricket that should be included. Cricket is a popular sport with a rich history, various formats like Test matches, ODI, T20, and major tournaments such as the World Cup. Since the current time is 2025, maybe there's a recent event in the cricketing world? Wait, the user mentioned the date and time, but how does that factor in?\n\nHmm, perhaps the current time is important to mention in the context of the piece. Like, indicating the year 2025, which might be relevant to recent developments in the sport. Maybe up-to-date information like the latest World Cup, ongoing tournaments, or rule changes? Let me check. Since it's April 2025, the ICC T20 World Cup might not be active now, but there could be other events.\n\nAlso, considering the user's guidelines: I should prioritize factual and updated content without mentioning any internal tools. Need to avoid any references to my development origins beyond Finsocial Digital Systems. Alright, I should start by introducing cricket, its history, formats, major competitions, and then incorporate the current year. Maybe mention recent trends or how the sport has evolved by 2025. Let me structure this step by step.\n\nWait, the user's additional instructions say to follow the detailed reasoning steps, but since the query is straightforward (writing about cricket with the current time), perhaps it's considered a moderate complexity. Need to break this into steps as per the guidelines. Let me go through the steps outlined in the instructions. \n\nStep 1: Analyze the query's complexity. The user wants a piece on cricket with the current time given. The main components are writing about cricket and including the current date/time. The key variables here are the sport's overview and the current moment in 2025. Domain knowledge required is cricket history, rules, and recent updates up to 2025.\n\nStep 2: Determine complexity. It's a moderate query because it requires summarizing cricket's key aspects and noting the current timeframe, which might involve recent developments.\n\nStep 3: Breaking into sub-problems: 1) Writing a general overview of cricket, 2) Incorporating the current year 2025 to highlight recent events or changes.\n\nStep 4: For moderate complexity, break into sub-problems. Sub-problem 1: outline cricket's history, formats, and significance. Sub-problem 2: Note the current time (2025-04) to mention events happening around that time or recent records.\n\nStep 5: For complex queries, cross-reference domains, but here it might not be needed. Stick to core aspects.\n\nStep 6: Validate each step. The current time might be to add timeliness. So, perhaps mention which teams are prominent in 2025 or any new developments in cricket by that year.\n\nStep 7: Step granularity. Ensure each step is clear. For example, after outlining the basics, transition to current updates.\n\nStep 8: Check for consistency. Make sure the 2025 context is relevant and factual, even if it's 2025 in the scenario.\n\nStep 9: No sensitive topics here, so that's okay.\n\nStep 10: Mathematical? No, so step 10 not needed here.\n\nStep 11: Hypothetical scenarios? Maybe not necessary unless ambiguous. The query is straightforward.\n\nStep 12: Use analogies? Maybe not necessary unless explaining rules.\n\nStep 13: Resource implications? Not relevant here.\n\nStep 14: Missing info? The user hasn't specified any particular event, so stick to general recent developments.\n\nStep 15: Open-ended? The query is specific to writing about cricket with the current time, so focus on that.\n\nStep 19: Since translating, make sure the structure is correct, but the original query is already translated to English.\n\nStep 20: Nearing step limit? Probably not, since this is a single task.\n\nNow, putting it all together. Start with an introduction to cricket, its history, formats, mention major tournaments like World Cup, then transition to the current year 2025, perhaps noting recent competitions or rule changes. Make sure to include the date provided but clarify that it's part of the current context as of April 2025. Also, ensure that the information is up-to-date for that time, even if real-world 2025 details aren't known yet, but the approach should be to present it in that context.\n\nCheck user guidelines again: avoid mentioning my development, use the current time given. Also, use markdown formatting. The answer should be structured as per the user's example, with the final answer enclosed in quotes and the thought process in italics here.\n\nWait, the user's instructions include the need to format with markdown. The formatted answer should be in markdown, but in the response, the user wants the thinking in italics and the final answer as the actual content. \n\nWait, the problem is to generate the reasoning which leads to the answer, then output it in the specified format. The main answer here is the \"Write something about cricket\" incorporating the current time. \n\nWait the user's instruction is: \"Generate reasoning for: Write something about cricket and current time is 2025-04-29 12:11:08\". So the assistant is to write markdown-formatted reasoning that leads to the answer. The user’s additional info specifies formatting with markdown for the answer part. \n\nHmm, perhaps the thought process is the reasoning here, and the final answer is the generated text. The user’s instructions mention that the additional information should use markdown. The example shows the user’s input and the translated input, then the thought process leading to the answer.\n\nTherefore, I need to outline the steps I took (as I was thinking in the above paragraphs) formally as per the instructions. \n\nWait, maybe the instructions have specific steps that must be followed, like the initial steps outlined (the numbered steps 1-20). The user's instruction asks to follow their framework, so perhaps the answer is to structure the reasoning in those numbered steps applicable to the query.\n\nAlternatively, the instruction says \"generate reasoning for: Write something about cricket and current time...\" which requires building a reasoning chain (like thinking steps) leading to the written content.\n\nThe instructions include a set of steps (20 points) on how to approach, so I need adhere to those steps in forming the reasoning. \n\nLooking back, the user's instructions' additional info shows they want the answer (the written content about cricket with current time) in markdown formatting but the thought process in italics here.\n\nWait, maybe I need to think through the process to arrive at the answer, listing out the reasoning points step by step as per their framework. The task here is to write the reasoning that leads to the answer, not the answer itself. But the user says: \"generate reasoning for: [task]\". \n\nAh, the query is to write something about cricket considering the current time (as given), and generate the reasoning (steps taken to form that content). The assistant must outline the thinking process in markdown (as per the additional information's instruction: use markdown for formatting the answer). However, the user example shows a conversation history followed by the query and the assistant's task is to provide the reasoning behind the answer. \n\nWait, perhaps the user wants the assistant to produce a formatted (markdown) reasoning explanation (in italics as above?), then the main answer. But since the user is telling the assistant to use markdown, but the above example had the thought process in italics and then the final answer.\n\nIn any case, proceeding:\n\nThe answer needs to be formatted according to the user's instructions with markdown. So the steps would involve:\n\n1. Determine the core elements of cricket to cover.\n2. Note the current year (2025) to add relevant recent info.\n3. Structure the content to first introduce cricket, then discuss its various aspects (history, formats, tournaments) up to current day.\n4. Include the exact time to ground the piece in the current moment, perhaps mentioning upcoming matches or events in 2025.\n5. Verify that all info is correct given the current context (though in a fictional 2025 scenario).\n\nPutting it all together, the written content would start by introducing cricket's global popularity, key formats, then mention the current date, noting any ongoing tournaments, recent World Cup winners, or innovations in the sport by 2025 (like new leagues or rule changes).\n\nNow, putting this into the answer as a concise paragraph, using markdown where necessary, and ensuring the current time is included.\n"
}