{
  "response_id": "c17e219c-91b7-44c6-9e75-f7e48db07142",
  "chat_id": "28a70f27-83f6-4938-bcea-dc8cdebfbbb0",
  "timestamp": "2025-04-29T14:14:31.081410",
  "status": "completed",
  "response": "क्रिकेट एक बैट-एंड-बॉल स्पोर्ट है जो ग्यारह खिलाड़ियों की दो टीमों के बीच एक क्षेत्र में एक क्षेत्र में खेला जाता है, जिसके केंद्र में 22-यार्ड आयताकार पिच है। यह एक समृद्ध इतिहास और एक वैश्विक निम्नलिखित परंपरा और रणनीति में डूबा हुआ खेल है, विशेष रूप से भारत, ऑस्ट्रेलिया, इंग्लैंड, पाकिस्तान और वेस्ट इंडीज जैसे देशों में लोकप्रिय है।\n\nयहाँ खेल के प्रमुख पहलुओं का टूटना है:\n\n** 1। बेसिक गेमप्ले: **\n\nक्रिकेट का उद्देश्य विरोधी टीम की तुलना में अधिक रन बनाना है। यह एक बैट के साथ विरोधी टीम के गेंदबाज द्वारा गेंदबाजी और दो विकेट (शीर्ष पर संतुलित दो बेल्स के साथ तीन स्टंप के सेट) के बीच चलती एक गेंद को मारकर हासिल किया जाता है।\n\n** बल्लेबाजी: ** एक बल्लेबाज रन बनाने के लिए गेंद को हिट करने की कोशिश करता है। वे गेंद को मारने के बाद विकेटों के बीच दौड़कर, या गेंद को सीमा रस्सी पर मारकर (जो 4 या 6 रन पुरस्कार) पर स्कोर कर सकते हैं।\n** गेंदबाजी: ** एक गेंदबाज बल्लेबाज को या तो विकेटों को गेंद से मारकर खारिज करने की कोशिश करता है, बल्लेबाज को एक फील्डर द्वारा पकड़ा जाता है, या बल्लेबाज को अन्य तरीकों से बाहर निकालता है (जैसे विकेट से पहले पैर - एलबीडब्ल्यू)।\n** फील्डिंग: ** फील्डर रन को रोकने और बल्लेबाजों को गेंद को पकड़कर, विकेट पर फेंकने, या एक बल्लेबाज को बाहर चलाने से रोकने की कोशिश करते हैं।\n\n** 2। खेल के विभिन्न प्रारूप: **\n\nक्रिकेट समय के साथ विकसित हुआ है, जिससे अलग -अलग प्रारूप होते हैं:\n\n** टेस्ट क्रिकेट: ** सबसे लंबा प्रारूप, पांच दिनों में खेला गया। इसे कौशल और धीरज का अंतिम परीक्षण माना जाता है। प्रत्येक टीम में दो पारियां हैं (बल्लेबाजी करने के लिए मुड़ता है)।\n** एक दिन अंतर्राष्ट्रीय (ODI): ** एक छोटा प्रारूप, आमतौर पर लगभग 8 घंटे तक रहता है। प्रत्येक टीम 50 ओवर के लिए चमगादड़ (कई गेंदबाजों द्वारा गेंदबाजी 6 गेंदों का एक सेट)।\n*** ट्वेंटी 20 (T20): ** सबसे छोटा और सबसे विस्फोटक प्रारूप, लगभग 3 घंटे तक चलता है। प्रत्येक टीम 20 ओवर के लिए चमगादड़ करती है। T20 अपनी तेज गति और बड़ी हिटिंग के लिए जाना जाता है।\n\n** 3। प्रमुख कौशल और रणनीतियाँ: **\n\nक्रिकेट को कौशल की एक विविध रेंज की आवश्यकता होती है:\n\n** बल्लेबाजी: ** समय, तकनीक, शक्ति और गेंदबाज को पढ़ने की क्षमता की आवश्यकता है।\n** गेंदबाजी: ** सटीकता, गति, स्पिन और बल्लेबाज को धोखा देने की क्षमता की आवश्यकता होती है।\n** फील्डिंग: ** चपलता, त्वरित सजगता और सटीक फेंकने की आवश्यकता है।\n\nरणनीतिक तत्वों में शामिल हैं:\n\n** फील्ड प्लेसमेंट: ** पोजिशनिंग फील्डर्स को रन काटने या कैचिंग के अवसर बनाने के लिए।\n** गेंदबाजी में परिवर्तन: ** बल्लेबाजी लाइनअप में कमजोरियों का फायदा उठाने के लिए गेंदबाजों को स्विच करना।\n** बल्लेबाजी क्रम: ** उस आदेश का निर्धारण करना जिसमें बल्लेबाज क्रीज पर आते हैं।\n\n** 4। लोकप्रियता और वैश्विक पहुंच: **\n\nक्रिकेट एक बेहद लोकप्रिय खेल है, विशेष रूप से:\n\n** भारत: ** भारत में क्रिकेट लगभग एक धर्म है, जिसमें बड़े पैमाने पर और भावुक प्रशंसकों के साथ।\n** ऑस्ट्रेलिया: ** ऑस्ट्रेलिया में एक मजबूत क्रिकेट परंपरा है और लगातार विश्व स्तरीय खिलाड़ियों का उत्पादन करता है।\n** ** इंग्लैंड: ** क्रिकेट, इंग्लैंड का जन्मस्थान खेल में एक प्रमुख बल है।\n** ** पाकिस्तान और वेस्ट इंडीज: ** इन देशों का एक समृद्ध क्रिकेट इतिहास है और उन्होंने कई पौराणिक खिलाड़ियों का उत्पादन किया है।\n\nयह खेल संयुक्त राज्य अमेरिका सहित दुनिया के अन्य हिस्सों में प्रमुख लीग क्रिकेट की शुरुआत के साथ लोकप्रियता हासिल कर रहा है।\n\n\n\nसंक्षेप में, क्रिकेट एक जटिल और आकर्षक खेल है जो एथलेटिकवाद, कौशल, रणनीति और परंपरा को जोड़ती है। यह एक ऐसा खेल है जिसका आनंद सभी उम्र और पृष्ठभूमि के खिलाड़ियों और प्रशंसकों द्वारा किया जा सकता है।",
  "reasoning": "यहां 2025 में क्रिकेट से संबंधित प्रमुख विषयों का उपयोगकर्ता-अनुकूल स्पष्टीकरण है:\n\nक्रिकेट की दुनिया 2025 की शुरुआत में रोमांचक परिवर्तनों के कगार पर है। इंडियन प्रीमियर लीग (आईपीएल) जैसे चल रहे टूर्नामेंट हमेशा गतिविधि के साथ गुलजार होते हैं, जिससे हमें अपने वर्तमान स्टैंडिंग और किसी भी नियम नवाचारों के साथ अप-टू-डेट रखने की अनुमति मिलती है जो गेमप्ले को प्रभावित कर सकता है। प्रशंसकों के लिए एक उल्लेखनीय विकास अप्रैल 2025 में आईसीसी टूर्नामेंट और विश्व टेस्ट चैंपियनशिप मैचों जैसे प्रमुख अंतरराष्ट्रीय कार्यक्रमों की तैयारी है।\n\nइन घटनाओं की प्रासंगिकता पर जोर देने के लिए, विचार करें कि वर्तमान में आईपीएल जैसे घरेलू लीग में क्या हो रहा है। इस साल, टूर्नामेंट टीम इंडिया द्वारा जीतने के लिए ट्रैक पर है, जिसका नेतृत्व श्रेयस अय्यर और रवींद्र जडेजा जैसे सितारों ने किया है। 2025 में क्रिकेट का एक और रोमांचक पहलू नई तकनीकों की शुरूआत होगी जो खेल में क्रांति लाने के लिए निर्धारित हैं। उदाहरण के लिए, बॉल-ट्रैकिंग सिस्टम पहले से ही दुनिया भर में पेशेवर लीग में उपयोग किया जा रहा है। इसके अलावा, एआई-चालित प्रशंसक सगाई प्लेटफार्मों से खेल का एक महत्वपूर्ण हिस्सा बनने की उम्मीद है, जिससे प्रशंसकों को टीमों के साथ बातचीत करने और अनुभव का आनंद लेने के तरीके को बदल दिया जाता है।\n\nक्रिकेट में स्थिरता एक और दबाव वाला मुद्दा है, क्योंकि पर्यावरण एक प्रमुख चिंता का विषय है। एक उल्लेखनीय प्रयास जिसे 2025 में हाइलाइट किया जा सकता है, वह है दुनिया भर के क्रिकेट स्टेडियमों में लागू किए जा रहे पर्यावरण के अनुकूल उपाय। उदाहरण के लिए, कुछ स्टेडियम अब स्थायी ऊर्जा स्रोतों का उपयोग कर रहे हैं या अभिनव डिजाइन और निर्माण प्रथाओं के माध्यम से अपने कार्बन पदचिह्न को कम कर रहे हैं। ये प्रयास न केवल क्रिकेट के पर्यावरणीय प्रभाव को कम करने में योगदान करते हैं, बल्कि प्रशंसकों के लिए एक अनूठा अनुभव भी प्रदान करते हैं।\n\nक्रिकेट हमेशा वैश्वीकरण में सबसे आगे रहा है, अफ्रीका और एशिया जैसे उभरते बाजारों में इसके विकास में महत्वपूर्ण भूमिका निभाई है। एक उल्लेखनीय उदाहरण नए देशों में टी 20 लीग का विस्तार है, जो विभिन्न विरोधियों के खिलाफ प्रतिस्पर्धा करने के लिए टीमों के लिए रोमांचक नए अवसर लाने की उम्मीद है। इसके अलावा, ये विस्तारित प्रारूप दुनिया भर के अधिक प्रशंसकों को भी आकर्षित कर सकते हैं जो पहले क्रिकेट में रुचि नहीं रखते थे।\n\nखिलाड़ी मील के पत्थर और विवादों के विषय पर, 2025 क्रिकेट खिलाड़ियों के लिए एक यादगार वर्ष होने का वादा करता है। उदाहरण के लिए, एक उल्लेखनीय हाई-प्रोफाइल घटना एक आगामी मैच के दौरान होगी जहां एक महान क्रिकेटर एक विवाद से भरे खेल के बाद अनुशासनात्मक कार्रवाई का सामना करता है। इसके अतिरिक्त, उभरते एथलीट वकालत आंदोलनों को गति प्राप्त हो रही है, खेल में सुधारों को आगे बढ़ा रहे हैं जो विरोधियों के लिए निष्पक्ष खेल और सम्मान को प्राथमिकता देते हैं।\n\nअंत में, यह क्रिकेट पर वर्तमान प्रशंसक सगाई के रुझान के प्रभाव का उल्लेख करने के लायक है। 2025 में प्रशंसक किस प्रकार के इंटरैक्टिव अनुभव आगे देख सकते हैं? इसमें टी 20 विश्व कप जैसे महत्वपूर्ण टूर्नामेंट के दौरान इमर्सिव एआर/वीआर प्लेटफॉर्म या अभिनव सोशल मीडिया-संचालित फंतासी लीग शामिल हो सकते हैं। ये घटनाक्रम न केवल खेल के विकास को प्रदर्शित करेंगे, बल्कि दुनिया भर में प्रशंसकों के बीच सगाई और उत्साह भी बढ़ाएंगे।\n\n2025 तक क्रिकेट क्या हासिल कर सकता है, इसके बारे में अनुमान लगाते हुए, कई विशेषज्ञों ने अनुमान लगाया कि यह महिलाओं के टी 20 क्रिकेट जैसे नए प्रारूपों में विस्तार करेगा, जिससे आगामी महीनों में महत्वपूर्ण गति प्राप्त होने की उम्मीद है। इसके अलावा, उभरते राष्ट्रों से क्रिकेट प्रतियोगिताएं तेजी से बढ़ रही हैं, महिलाओं की एशेज क्रिकेट श्रृंखला जैसी घटनाओं के साथ भारी वैश्विक ध्यान आकर्षित करता है।\n\nक्रिकेट के भविष्य की ओर आगे देखते हुए, कई संभावित चुनौतियां हैं जिन्हें संबोधित करने की आवश्यकता है इससे पहले कि यह दूसरे पठार तक पहुंच सके। एक ओर, हमने हाल के वर्षों में डोपिंग और मैच-फिक्सिंग घोटालों के बढ़ते उदाहरणों को देखा है। हालांकि, इन मुद्दों से निपटने और प्रशंसकों और शासी निकायों के बीच विश्वास को बहाल करने के लिए भी कदम उठाए जाने चाहिए।\n\nजैसा कि हम 2025 में प्रवेश करते हैं, क्रिकेट के पास अपने मूल मूल्यों और अखंडता के लिए सही रहते हुए खुद को अनुकूलित करने और बदलने का एक अनूठा अवसर है। खिलाड़ियों, टीमों और लीगों से प्रौद्योगिकी और अभिनव विचारों में प्रगति के साथ, कोई कारण नहीं है कि खेल दुनिया भर में प्रशंसकों के लिए और भी रोमांचक, आकर्षक और समावेशी नहीं बन सकता है।"
}